<?xml version="1.0" encoding="UTF-8"?>

<weblogic-ejb-jar xmlns="http://www.bea.com/ns/weblogic/90" xmlns:j2ee="http://java.sun.com/xml/ns/j2ee" xmlns:xsi="http://www.w3.org/2001/XMLSchema-instance" xsi:schemaLocation="http://www.bea.com/ns/weblogic/90 http://www.bea.com/ns/weblogic/90/weblogic-ejb-jar.xsd">


  <weblogic-enterprise-bean>
    <ejb-name>GhostOrderMdb</ejb-name>
    <message-driven-descriptor>
      <destination-jndi-name>GhostOrderQueue</destination-jndi-name>
   <provider-url>t3://farina:40130,ascari:40130,aston:40130,bianco:40130,baldi:40130,bartels:40130,rooms3hr:40130,rooms4hr:40130</provider-url>
    </message-driven-descriptor>
  </weblogic-enterprise-bean>

</weblogic-ejb-jar>

